n;price;totsp;livesp;kitsp;dist;metrdist;walk;brick;floor;code
1;75;44;28;6;13,5;7;1;0;1;6
2;95;61;37;6;13,5;7;1;0;1;1
3;88;55;36;6;9;5;1;1;0;4
4;225;80;56;9;9;5;1;1;1;3
5;140;86;51;10;12,7;10;1;0;1;5
6;132;96;56;12;10,5;7;0;0;1;3
7;115;77;50;9;3,5;7;1;0;0;7
8;170;87;58;8;7,5;7;1;1;1;3
9;170;84;55;11;3;15;1;1;0;1
10;95;58;38;6;12;8;1;0;1;1
11;148;92;61;10;10,5;15;1;1;1;7
12;135;82;46;13;12;5;1;0;1;5
13;130;73;52;7;11;5;1;1;1;8
14;72;49;34;6;7;10;0;0;1;5
15;127;85;46;14;12;7;1;1;1;5
16;112;73;51;8;10,5;7;0;1;1;3
17;110;75;43;10;12,7;5;1;0;1;5
18;450;125;80;20;9;3;1;0;1;4
19;159;81;56;8;7,5;15;1;1;0;8
20;120;77;47;12;13,5;10;1;0;1;1
21;88;60;43;6;12;5;0;0;0;7
22;115;77;50;9;6;10;1;1;1;6
23;129;79;46;13;12;15;1;0;1;1
24;110;65;46;7;12,5;5;1;0;1;2
25;102;60;43;6;12;5;0;1;1;7
26;101;77;45;13;13;10;0;0;1;5
27;86;60;42;7;12;10;0;0;1;8
28;87;64;46;7;12;5;1;0;1;5
29;140;99;51;12;10,5;1;1;0;0;7
30;89;62;38;9;13;4;0;0;0;5
31;340;83;49;19;9;5;1;1;1;3
32;112;75;42;10;12;5;0;0;1;5
33;99;67;37;7;10,5;10;0;1;1;3
34;170;89;51;12;12,7;6;1;0;0;5
35;198;80;45;10;7;7;0;0;1;4
36;89;51;34;6;3,5;10;1;0;0;7
37;100;57;42;6;11;10;1;1;1;5
38;135;77;47;10;13,5;10;0;0;1;1
39;100;78;44;8;13,5;20;0;0;1;1
40;136;64;38;8;3;3;1;0;1;1
41;133;80;48;10;10,5;10;1;0;0;7
42;145;85;58;8;12;4;1;1;1;8
43;220;103;49;13;14,5;10;1;1;1;3
44;110;81;45;10;13;12;1;0;1;5
45;95;64;45;6;12,5;10;1;0;0;2
46;76;55;36;6;12,5;15;0;1;0;3
47;139;80;48;10;10,5;15;1;0;1;7
48;350;80;44;14;10,5;10;1;1;0;7
49;105;66;40;8;12,5;5;1;0;1;2
50;110;51;34;6;3,5;7;1;0;1;7
51;90;60;45;6;13,5;5;1;0;1;6
52;130;80;46;10;10,5;15;1;0;1;7
53;165;65;45;9;9;10;1;1;1;3
54;158;78;48;9;9;4;1;1;1;4
55;210;80;42;20;8;5;1;0;1;1
56;470;120;75;18;9;10;1;1;1;3
57;105;57;42;6;3;15;1;1;1;1
58;169;70;44;8;8;5;1;1;1;1
59;136;78;46;10;12,5;5;0;0;0;2
60;130;81;56;9;6;7;1;1;1;6
61;84;58;43;5;12;15;1;1;0;7
62;74;60;43;6;13,5;5;0;0;0;6
63;138;77;45;10;13;5;0;0;1;5
64;125;62;42;10;12;10;1;0;1;1
65;105;57;40;6;4,5;5;1;1;1;8
66;120;56;42;6;12;5;1;1;1;7
67;110;83;47;10;17;10;1;0;1;4
68;120;74;40;12;12,7;7;1;1;1;5
69;144;80;51;10;13,5;10;1;0;1;1
70;140;56;40;5;9;5;1;1;0;3
71;106;58;44;6;7;10;0;0;0;4
72;105;56;42;6;3;15;1;1;1;1
73;120;82;44;11;12,7;12;1;0;1;5
74;225;80;53;9;7;5;1;1;1;4
75;94;59;43;5;14,5;5;0;0;1;3
76;177;80;50;9;4,5;2;1;0;0;8
77;113;75;45;10;12;7;1;0;1;5
78;145;78;50;10;12;3;1;0;1;5
79;90;56;41;5;6;15;1;1;1;6
80;135;84;45;11;12;10;0;0;1;7
81;100;80;45;12;12,7;15;1;0;1;5
82;95;65;47;9;13,5;7;1;0;1;6
83;114;80;45;13;12;7;1;0;0;5
84;107;74;44;11;13;5;0;0;0;5
85;106;76;43;12;13;5;0;0;0;5
86;106;76;46;10;13;5;0;0;1;5
87;124;78;55;8;13,5;10;1;1;1;1
88;112;65;40;8;17;5;1;0;0;2
89;80;60;44;6;13,5;10;0;0;1;6
90;138;68;46;8;9;10;1;0;1;4
91;132;77;43;8;12,5;5;1;0;1;2
92;86;50;34;6;12;10;0;0;0;8
93;270;105;74;18;5;1;1;1;1;4
94;85;60;43;6;14,5;6;0;0;1;2
95;135;76;44;10;12,7;2;1;0;0;5
96;200;122;68;12;10;5;1;0;1;6
97;90;51;35;6;7;3;1;0;1;4
98;133;65;47;8;12,5;2;1;0;1;3
99;103;69;44;9;14,5;10;0;0;1;3
100;89;61;44;6;12,5;10;1;0;1;2
101;166;77;45;11;10,5;15;1;1;1;3
102;78;55;37;6;11,5;2;1;1;1;6
103;110;77;45;10;12;10;0;0;1;7
104;100;80;51;10;13,5;10;0;0;1;6
105;127;76;42;10;13,5;10;0;0;1;6
106;99;79;62;6;17;2;1;1;0;4
107;118;67;44;8;6;10;1;0;1;6
108;130;56;41;6;9;5;1;1;0;3
109;118;68;49;11;7,5;7;1;0;0;8
110;100;65;46;6;15,5;7;1;0;1;1
111;195;83;55;9;9;3;1;1;1;3
112;120;66;40;19;7,5;10;1;1;1;8
113;95;60;43;6;14,5;10;1;0;1;3
114;110;58;43;6;14,5;10;1;1;1;3
115;80;55;41;5;11,5;3;1;1;1;6
116;235;92;52;15;3,5;3;1;0;1;7
117;93;60;38;8;12;5;1;0;1;5
118;115;77;46;10;12,7;7;1;0;1;5
119;140;76;44;10;12;2;1;0;1;5
120;92;82;48;8;13;12;0;0;1;5
121;230;103;51;14;14,5;15;1;1;1;3
122;135;77;46;10;12,7;2;1;0;1;5
123;125;78;60;11;14,5;10;0;0;1;3
124;136;74;45;10;13,5;5;0;0;1;1
125;170;80;48;9;14,5;7;1;1;1;3
126;105;75;45;10;12;7;1;0;1;5
127;125;82;52;12;13,5;10;0;0;0;6
128;73;61;41;6;13;10;0;0;0;5
129;92;60;45;6;9;7;0;1;1;3
130;90;57;38;6;7,5;6;1;1;0;3
131;145;85;54;11;8;10;0;1;1;1
132;299;99;65;11;9;10;1;1;1;3
133;127;77;46;10;12,5;10;1;0;1;2
134;84;58;43;5;12;15;1;1;0;7
135;195;110;55;11;12;1;1;1;1;7
136;170;81;60;13;13;5;1;0;1;5
137;95;67;45;9;13,5;10;0;0;0;1
138;450;145;82;14;4,5;3;1;1;1;8
139;160;85;56;12;6,5;10;1;1;1;2
140;226;82;52;10;3;3;1;0;1;1
141;105;66;48;8;12;1;1;0;0;5
142;115;57;42;6;10,5;4;0;1;1;3
143;82;57;46;6;12;10;1;1;1;7
144;130;74;53;7;4,5;7;1;1;1;8
145;90;61;49;6;12;10;1;0;1;8
146;193;100;56;12;12;10;0;1;1;7
147;138;65;47;9;5;10;1;0;1;4
148;123;83;50;11;12,7;15;1;0;1;5
149;120;82;53;9;11,5;10;0;1;1;6
150;86;56;39;6;12,5;10;0;0;1;3
151;103;64;40;8;17;5;1;0;1;2
152;123;85;51;10;12,7;3;1;0;1;5
153;110;69;44;10;12;5;1;0;1;7
154;88;60;44;10;12;10;0;0;0;7
155;116;75;46;10;13,5;10;0;0;1;6
156;119;71;52;8;8;10;0;1;0;1
157;85;55;40;6;11;5;0;1;1;8
158;93;79;45;10;13;7;0;0;0;5
159;127;79;45;13;12;3;1;0;1;1
160;99;72;50;9;7,5;10;0;1;1;8
161;91;60;44;6;12;10;1;1;1;7
162;122;68;44;8;10,5;5;0;0;1;3
163;84;76;45;10;17;10;1;0;1;4
164;73;51;34;6;7;7;1;0;1;5
165;85;58;39;6;10;7;0;0;1;6
166;116;75;44;13;12;10;1;0;1;1
167;136;76;44;10;14,5;9;0;0;1;3
168;88;56;36;6;17;10;0;0;1;2
169;135;74;44;10;10,5;7;1;0;0;3
170;100;68;53;6;12;10;1;0;1;7
171;115;66;37;7;11;7;1;0;1;8
172;95;55;35;8;7,5;7;1;1;1;3
173;114;75;44;10;13;2;1;0;1;5
174;105;78;50;8;9;10;1;1;0;4
175;125;75;53;8;11;3;1;1;1;8
176;100;65;39;9;17;10;1;0;1;2
177;93;64;41;7;14,5;3;1;0;1;2
178;165;99;70;9;7,5;7;0;1;1;8
179;148;84;52;8;6,5;3;1;1;1;5
180;148;74;51;9;7,5;10;1;1;1;3
181;123;79;45;13;9;20;1;0;1;4
182;100;58;42;5;12;10;0;1;1;8
183;120;100;63;9;13;7;0;0;1;5
184;78;59;42;6;12,5;10;0;0;0;2
185;88;51;35;6;10,5;3;1;0;1;7
186;135;85;53;9;10,5;7;0;1;0;3
187;299;100;65;11;9;10;1;0;1;3
188;111;81;45;9;14,5;10;0;0;0;3
189;102;65;44;7;13,5;10;1;0;1;6
190;94;65;45;7;14,5;10;1;0;0;2
191;164;90;52;13;10;3;1;1;1;6
192;110;63;45;7;13,5;10;1;0;1;1
193;137;78;51;9;6;15;1;1;1;6
194;132;88;55;14;17;5;1;0;1;4
195;103;63;38;8;10,5;10;0;0;1;3
196;79;49;33;6;14,5;10;1;0;0;3
197;108;66;43;7;17;5;1;0;1;4
198;160;79;51;12;3;8;1;1;1;1
199;122;96;51;12;13,5;10;0;0;0;6
200;87;55;38;5;6,5;5;1;1;1;5
201;92;69;47;6;12;10;0;0;0;7
202;150;77;42;8;6;15;1;0;1;6
203;112;76;54;8;10,5;15;1;1;0;7
204;100;75;45;10;13;5;0;0;1;5
205;103;64;45;6;17;5;1;0;1;2
206;165;78;47;9;5;10;1;1;1;4
207;85;60;38;6;17;7;1;0;0;2
208;95;65;39;8;12;15;1;0;1;7
209;141;113;58;13;13,5;10;0;0;1;1
210;113;77;50;8;12,5;15;0;1;0;3
211;125;73;52;8;11;10;1;1;1;8
212;170;71;47;8;7,5;10;1;1;1;3
213;112;72;51;8;6,5;5;1;1;1;5
214;131;76;45;10;12;7;1;0;1;1
215;110;77;46;9;13;5;1;0;0;5
216;132;69;44;8;8;10;1;0;1;1
217;135;100;50;10;15,5;10;1;0;1;1
218;95;63;39;8;14,5;15;1;0;1;2
219;140;77;45;10;10;5;1;0;1;6
220;120;77;45;10;13;10;1;0;1;5
221;165;96;58;14;7;5;0;0;1;4
222;96;64;41;9;13,5;12;1;0;1;1
223;168;84;54;8;7,5;10;1;1;1;8
224;150;78;45;10;14,5;10;0;0;1;3
225;85;65;43;10;12;5;0;0;1;5
226;138;86;50;10;13,5;10;1;1;1;1
227;117;80;44;13;10,5;10;0;0;1;3
228;154;95;51;11;6,5;3;1;1;1;5
229;84;60;43;6;12;10;1;0;1;5
230;93;61;43;6;14,5;7;0;0;1;2
231;130;77;47;11;11;7;1;0;1;5
232;105;66;44;7;3,5;10;1;0;1;7
233;120;76;45;10;13;10;1;0;1;5
234;105;60;35;8;11;5;1;1;1;8
235;75;53;35;7;11,5;5;1;1;0;6
236;110;77;46;10;6;10;0;0;1;6
237;115;85;52;10;12;10;1;0;1;5
238;78;57;37;6;13,5;10;1;0;1;6
239;227;134;70;16;9;5;1;0;1;4
240;106;70;43;10;12,7;10;1;0;0;5
241;120;74;45;10;13;15;1;0;1;5
242;220;81;46;13;9;7;1;0;1;4
243;115;62;38;9;17;7;1;0;0;2
244;83;61;38;6;13;10;0;0;0;5
245;105;64;45;6;13,5;7;1;0;1;1
246;120;57;43;6;8;5;1;1;0;1
247;140;70;45;10;9;10;1;0;1;3
248;120;75;43;10;17;10;1;0;1;2
249;170;92;62;18;6;7;1;1;1;6
250;105;73;49;8;11,5;5;1;0;0;6
251;86;61;42;6;12;7;0;1;1;5
252;85;59;40;6;10;5;0;0;1;6
253;140;82;47;11;12,5;10;1;1;0;2
254;104;84;52;11;13;5;0;0;1;5
255;87;61;43;6;12;15;1;0;1;7
256;115;71;42;10;12;5;1;0;0;8
257;120;80;47;9;13,5;10;0;0;1;6
258;98;74;44;10;12;15;1;0;0;7
259;158;78;48;12;9;4;1;1;1;4
260;158;64;44;9;7;3;1;0;1;4
261;160;86;51;8;12;2;1;1;1;7
262;80;56;37;6;10;1;1;0;0;6
263;115;66;38;7;11;7;1;1;1;8
264;260;70;45;8;8;7;1;1;0;1
265;125;77;46;10;10,5;15;1;0;1;7
266;103;67;43;9;13,5;10;0;0;1;1
267;130;72;47;10;13,5;7;1;1;0;1
268;130;72;42;9;12;5;1;0;1;1
269;86;56;42;5;6,5;5;1;1;0;5
270;190;106;58;24;9;5;0;0;1;4
271;118;78;52;9;11;5;1;1;1;5
272;77;50;34;6;13,5;2;1;0;1;6
273;150;76;45;10;12;5;1;0;1;1
274;350;113;85;20;9;10;1;0;1;3
275;89;60;43;6;15,5;5;1;1;1;1
276;170;76;50;10;5;5;1;1;1;4
277;89;55;37;6;10,5;10;1;1;1;3
278;110;77;40;11;12,7;15;1;0;1;5
279;130;78;46;10;14,5;7;1;0;1;2
280;87;90;57;13;14,5;15;1;1;1;2
281;124;77;44;10;14,5;5;0;0;1;2
282;107;65;39;8;12,5;20;1;0;1;2
283;180;83;53;8;12;5;1;1;1;7
284;110;76;45;10;13;10;1;0;1;5
285;210;105;55;14;17;5;0;0;1;2
286;95;64;45;6;12,5;10;1;0;1;2
287;145;73;45;7;9;1;1;1;1;4
288;87;58;40;6;6,5;5;1;0;0;2
289;118;84;48;9;12,7;5;0;0;1;5
290;86;58;38;8;11,5;7;1;0;1;6
291;85;65;43;5;7,5;5;1;1;1;8
292;210;81;48;10;3;5;1;1;1;1
293;85;60;43;6;12;5;1;0;1;5
294;135;83;53;9;13,5;10;0;0;1;1
295;235;101;59;15;8;7;1;1;1;1
296;105;69;43;6;17;5;1;0;1;4
297;185;95;57;12;5;5;1;0;0;4
298;215;86;58;12;3;5;1;1;1;1
299;99;62;39;8;17;10;1;0;1;2
300;144;80;48;13;15,5;10;1;0;1;1
301;205;88;59;9;9;10;1;1;0;3
302;145;84;53;10;15,5;15;1;0;1;1
303;150;86;53;9;11,5;1;1;0;1;6
304;98;54;36;5;3,5;12;1;1;1;7
305;135;80;45;13;12,5;5;0;0;1;3
306;105;53;39;5;3,5;7;1;1;0;7
307;125;67;46;8;12,5;15;1;0;1;3
308;115;77;51;7;5;5;1;1;0;4
309;96;60;38;6;12;5;0;0;1;7
310;105;74;45;10;13;10;1;0;0;5
311;81;53;34;6;13;15;1;0;0;5
312;177;103;54;11;9;5;1;0;1;3
313;119;80;51;8;11,5;15;1;0;1;6
314;120;81;48;8;13;7;1;0;1;5
315;85;59;38;6;13,5;10;1;0;1;6
316;140;74;45;10;12,5;2;1;0;1;2
317;455;192;92;18;7,5;5;1;0;1;3
318;194;105;58;11;9;5;1;0;1;3
319;100;57;40;6;8;5;1;0;1;1
320;140;80;51;10;13,5;10;1;1;1;1
321;160;101;51;15;7;7;1;0;1;5
322;130;83;48;9;12,7;5;1;0;1;5
323;120;84;45;11;7;10;1;0;1;5
324;360;103;80;14;3;3;1;1;1;1
325;118;63;37;8;14,5;5;1;0;1;3
326;113;76;46;10;13;7;1;0;1;5
327;107;67;41;9;12,5;10;1;0;1;2
328;134;69;47;8;5;10;1;0;1;4
329;110;86;53;9;10,5;5;0;0;0;3
330;170;100;57;10;13,5;15;0;0;0;6
331;90;61;45;6;13,5;15;1;0;1;6
332;88;51;34;6;14,5;10;1;0;1;3
333;80;60;44;6;13,5;5;1;0;1;6
334;130;75;48;13;12,7;5;0;0;1;5
335;170;53;33;9;3;10;1;1;1;1
336;104;72;46;11;12,5;10;0;1;0;3
337;114;75;54;7;12;7;1;1;1;7
338;145;76;48;9;13,5;10;0;0;1;6
339;112;63;45;7;13,5;7;0;0;1;1
340;130;81;56;9;6;7;1;1;0;6
341;105;78;44;10;13;15;1;0;1;5
342;116;77;45;10;6;7;0;0;1;6
343;105;66;44;7;13,5;10;1;0;1;6
344;150;76;45;10;7;10;0;0;1;4
345;95;60;44;6;12;10;1;0;0;8
346;82;59;45;6;10;7;1;1;0;6
347;75;55;36;6;14,5;7;0;1;0;2
348;120;76;51;9;13,5;5;1;0;1;6
349;100;79;51;10;13,5;10;0;0;1;6
350;155;74;43;10;9;5;0;0;1;4
351;139;68;46;8;9;5;1;0;1;4
352;115;76;54;9;13;5;1;0;0;5
353;77;60;44;6;13;15;1;0;0;5
354;135;68;32;13;3;10;1;1;1;1
355;103;76;45;10;13;5;0;0;1;5
356;78;52;34;6;13;15;1;0;1;5
357;86;55;40;5;7;2;0;0;1;4
358;130;80;38;11;12,7;10;1;0;1;5
359;117;77;44;10;17;3;1;0;0;2
360;116;76;45;10;7;10;1;0;1;5
361;131;74;42;10;13,5;10;1;0;1;1
362;108;78;46;10;12,7;10;1;0;1;5
363;110;60;41;6;12;10;1;0;1;8
364;136;78;48;9;12,5;15;1;0;1;2
365;120;65;44;8;9;5;1;0;1;4
366;93;63;40;8;11;12;1;0;1;5
367;152;95;62;10;12,7;5;1;0;1;5
368;185;80;45;13;12;5;0;0;1;8
369;106;68;47;8;13,5;7;0;0;1;6
370;128;78;54;9;6,5;5;1;0;1;5
371;135;81;53;8;11,5;4;1;1;1;6
372;114;79;45;13;14,5;7;0;0;1;3
373;95;64;39;8;12,5;10;1;0;0;2
374;85;57;37;5;12;7;0;0;1;8
375;87;56;35;6;12;7;1;0;1;8
376;89;60;45;6;13,5;10;0;0;1;1
377;112;77;45;10;10;7;0;0;1;6
378;160;93;57;12;12,7;5;1;0;1;5
379;90;57;40;5;13,5;10;1;1;1;1
380;160;82;54;8;9;7;1;1;1;4
381;165;74;41;9;6,5;5;1;1;1;2
382;162;90;53;13;10;7;1;1;1;6
383;145;73;43;11;9;10;0;0;1;4
384;90;60;40;7;13,5;9;1;0;1;6
385;79;54;35;5;12,5;10;0;1;1;3
386;105;77;45;10;14,5;10;0;0;1;3
387;280;145;66;16;12,7;3;1;0;0;5
388;80;58;38;7;13,5;5;0;0;1;6
389;110;65;45;7;13,5;7;1;0;1;1
390;165;100;54;12;6,5;3;1;0;1;5
391;147;111;65;16;14,5;6;0;1;1;3
392;96;60;45;6;15,5;5;1;0;1;1
393;125;90;54;8;12;15;0;0;1;7
394;125;80;47;10;12;15;0;0;1;7
395;200;100;66;21;9;15;1;1;1;3
396;120;64;46;6;7;3;1;0;1;4
397;112;60;39;6;3,5;3;1;0;1;7
398;94;60;44;6;15,5;5;1;0;1;1
399;77;60;43;6;12;6;0;0;1;7
400;96;65;45;7;12,5;15;1;1;1;2
401;118;78;46;10;13,5;10;1;0;1;6
402;123;77;45;10;17;7;1;0;1;2
403;110;70;40;6;12;2;1;1;0;8
404;162;90;61;10;10,5;3;1;1;1;3
405;85;58;45;6;10;3;1;0;1;6
406;109;75;45;10;13,5;5;1;0;0;1
407;85;59;42;6;10,5;7;0;0;0;3
408;134;84;52;8;12;7;1;1;1;8
409;140;76;44;10;12,5;5;1;0;1;2
410;94;65;45;7;17;10;1;0;0;2
411;155;85;47;11;12,7;5;1;0;1;5
412;108;81;48;8;13;15;0;0;1;5
413;108;66;43;7;17;2;1;0;1;4
414;135;76;50;8;10,5;15;1;0;1;3
415;135;77;50;8;10,5;10;0;1;1;3
416;87;61;43;6;12;15;1;0;1;7
417;94;62;38;8;17;3;1;0;1;4
418;160;80;51;8;3;10;1;1;1;1
419;125;77;40;11;13;10;0;1;1;5
420;120;68;47;8;12,5;5;0;0;0;3
421;95;75;43;11;14,5;10;0;0;1;3
422;190;77;54;9;9;5;0;1;1;3
423;151;102;70;9;10,5;12;1;1;1;7
424;160;77;48;8;12;7;1;1;0;8
425;87;58;45;5;10;3;1;0;1;6
426;170;102;58;12;13;5;1;0;1;5
427;110;75;53;10;10,5;15;1;0;0;7
428;92;60;44;6;12,5;15;1;0;0;2
429;149;95;57;8;10,5;15;0;1;1;3
430;95;61;43;6;14,5;5;1;0;1;2
431;96;60;45;6;12;10;1;0;1;7
432;93;59;38;6;13,5;7;1;0;0;6
433;82;54;35;6;9;10;1;1;0;4
434;98;60;44;6;14,5;15;1;0;1;3
435;175;83;55;9;3;15;1;1;1;1
436;87;63;45;6;10;10;1;0;0;6
437;220;148;85;14;14,5;7;0;1;1;3
438;115;75;42;8;12;15;0;0;1;7
439;250;100;50;15;12,7;5;1;0;1;5
440;165;69;47;7;4,5;5;0;1;1;8
441;110;77;46;9;15,5;3;1;0;1;1
442;470;146;86;16;14,5;5;1;1;1;3
443;113;75;45;10;13;10;1;0;1;5
444;200;71;46;8;4,5;5;1;1;0;8
445;100;75;45;10;13;5;0;0;1;5
446;170;82;52;15;5;1;1;1;1;4
447;163;115;66;15;13,5;10;0;0;1;1
448;115;80;48;12;12,7;5;0;0;1;5
449;129;66;44;9;9;15;1;0;0;4
450;104;72;48;9;10,5;10;1;0;0;3
451;145;71;43;8;9;5;1;1;0;3
452;100;75;45;10;12;10;1;1;1;5
453;138;66;44;14;4,5;2;1;0;1;8
454;109;79;45;13;14,5;5;0;0;1;3
455;80;56;37;6;12;10;1;1;0;8
456;112;74;44;11;12,7;10;1;0;1;5
457;127;79;46;10;17;5;1;0;1;2
458;74;51;35;6;13,5;10;1;0;0;6
459;138;69;45;9;4,5;5;1;0;1;8
460;144;66;45;8;9;7;1;1;1;3
461;102;58;41;6;11;5;1;1;1;8
462;150;84;48;10;13,5;10;0;0;0;6
463;110;76;45;10;14,5;10;0;0;1;3
464;75;51;34;6;14,5;7;0;0;1;3
465;92;60;45;6;15,5;5;1;0;1;1
466;105;55;40;6;9;7;0;0;1;4
467;80;50;34;6;11,5;10;1;0;1;6
468;132;78;46;10;12,5;12;1;0;0;2
469;118;74;52;9;7,5;7;0;1;1;8
470;112;74;52;7;11;5;1;1;0;8
471;130;78;46;11;13,5;10;1;0;1;1
472;82;70;40;8;17;7;0;0;1;2
473;270;105;74;10;5;1;1;1;1;4
474;110;67;45;8;13,5;5;0;0;1;1
475;730;134;102;10;9;10;1;1;1;4
476;100;77;45;8;12;15;0;0;0;7
477;176;104;55;11;9;5;1;0;1;3
478;79;57;43;6;10,5;10;0;1;1;3
479;156;79;54;8;9;10;1;1;1;3
480;310;100;62;17;4,5;15;1;0;1;8
481;130;70;45;9;10,5;15;1;0;1;3
482;210;79;53;8;7;5;1;1;1;4
483;90;63;44;6;17;5;1;0;1;2
484;95;63;39;8;17;1;1;0;1;2
485;110;67;41;9;13,5;10;0;0;0;6
486;86;58;38;6;11,5;7;1;0;1;6
487;93;58;42;6;12;5;0;1;0;7
488;230;80;46;13;5;4;1;1;1;4
489;140;68;46;7;9;10;1;0;1;4
490;82;60;41;6;11,5;5;1;1;1;6
491;87;60;43;6;13,5;10;0;0;1;6
492;93;59;39;6;15,5;10;1;0;1;1
493;133;85;50;9;12;10;0;0;1;7
494;150;76;50;8;9;7;1;1;1;4
495;170;80;46;10;10;5;1;0;0;6
496;110;57;40;5;7,5;7;1;1;0;3
497;190;73;41;11;3,5;1;1;1;1;7
498;75;55;39;6;10;10;1;0;0;6
499;125;78;45;10;12;7;0;0;1;7
500;95;72;44;10;12,7;10;1;0;0;5
501;130;79;45;10;12;5;1;0;1;5
502;160;80;54;9;9;10;1;1;1;3
503;108;69;36;9;12,5;5;0;0;0;3
504;181;86;51;11;10,5;10;0;0;0;3
505;120;77;51;12;4,5;7;0;1;1;8
506;92;58;42;6;13,5;7;1;1;1;1
507;99;58;39;7;7,5;5;1;0;1;3
508;160;80;51;13;7,5;5;1;1;1;8
509;85;67;46;6;12;15;1;0;1;5
510;145;81;43;10;17;3;1;0;0;2
511;460;153;84;18;9;5;1;1;1;4
512;98;58;42;6;12;10;1;1;1;8
513;117;85;44;10;12;10;0;0;1;7
514;108;56;41;6;3,5;5;1;1;0;7
515;82;60;42;6;12,5;10;1;0;0;2
516;120;64;43;6;11,5;2;1;1;1;6
517;105;72;43;10;13;10;1;0;0;5
518;83;55;37;6;12;5;1;1;1;7
519;180;78;52;8;9;1;1;1;1;3
520;79;51;34;6;13,5;10;1;0;1;6
521;110;76;50;8;13;10;1;0;1;5
522;150;66;47;9;7;3;1;0;1;4
523;142;125;66;19;10,5;10;1;0;1;7
524;80;52;35;6;14,5;12;0;0;1;3
525;72;60;42;6;11,5;10;0;1;0;6
526;119;80;48;10;12,7;12;1;0;1;5
527;125;93;66;9;6;5;1;1;0;6
528;87;56;37;6;7;7;0;1;1;4
529;140;75;46;9;10,5;10;0;0;1;3
530;79;52;37;6;12;7;0;0;0;7
531;140;67;46;8;8;5;1;0;0;1
532;120;75;45;10;13,5;10;0;0;1;6
533;85;57;40;6;14,5;10;0;1;1;2
534;115;73;52;9;10,5;15;1;1;1;3
535;169;85;45;10;13,5;10;1;0;1;6
536;107;74;45;10;14,5;15;0;0;1;3
537;135;80;47;9;12;7;0;0;1;5
538;83;60;44;6;17;10;1;0;1;4
539;98;63;39;7;14,5;10;0;0;0;3
540;95;64;45;7;14,5;10;1;0;1;2
541;118;75;44;9;7;5;0;0;1;5
542;126;79;44;13;10,5;10;0;0;1;3
543;71;54;34;6;7;7;0;0;0;5
544;78;51;34;6;13;5;0;0;1;5
545;123;74;48;10;12,5;15;1;0;1;2
546;130;64;35;6;9;1;1;1;1;4
547;128;80;45;13;12;15;1;0;1;5
548;160;98;50;12;10;10;1;0;1;6
549;81;56;41;5;6;10;0;1;1;6
550;130;87;57;7;13,5;7;1;1;0;1
551;113;77;44;10;9;7;0;0;1;4
552;70;52;34;6;12;10;1;0;0;7
553;130;75;45;10;12;10;0;0;1;8
554;85;58;39;7;7;5;1;0;1;5
555;115;64;45;7;13,5;7;1;0;1;1
556;108;66;43;7;17;5;1;0;1;4
557;85;60;43;7;12;5;0;0;1;7
558;110;80;46;10;12;15;0;0;1;7
559;90;65;46;7;14,5;5;1;0;1;2
560;110;75;43;10;13,5;15;0;0;1;6
561;110;74;44;10;13,5;15;0;0;1;6
562;210;72;49;7;7,5;5;1;1;1;3
563;110;60;40;7;9;7;0;1;1;3
564;371;120;59;15;7;10;0;0;1;4
565;135;65;39;7;12;15;0;0;0;7
566;159;109;64;13;14,5;10;0;1;1;3
567;125;68;48;7;3;15;1;1;1;1
568;108;67;45;8;14,5;5;0;0;1;2
569;94;61;44;6;12,5;10;1;0;1;2
570;80;54;35;6;12;8;1;1;0;7
571;99;65;46;6;17;7;1;0;1;2
572;95;61;38;8;11,5;7;1;0;1;6
573;135;81;48;8;15,5;7;1;0;1;1
574;86;58;44;6;17;5;1;0;1;4
575;133;75;48;9;3;12;1;1;0;1
576;88;63;37;8;13;5;0;0;1;5
577;90;55;36;6;12,5;10;1;0;1;3
578;175;70;40;8;3;5;1;1;1;1
579;200;78;50;7;8;10;1;1;1;1
580;126;80;46;13;14,5;5;0;0;1;3
581;85;58;41;7;14,5;10;0;0;1;2
582;105;53;36;5;7,5;10;1;1;0;3
583;140;75;54;8;12;5;1;1;0;8
584;129;80;48;10;12,7;7;1;0;1;5
585;105;75;45;10;13;10;0;0;1;5
586;127;74;53;8;11;10;1;1;1;8
587;145;75;45;10;7;15;1;0;1;4
588;130;83;50;9;6,5;10;1;0;1;5
589;113;78;47;10;12;10;1;0;1;5
590;162;78;48;11;6,5;1;1;1;1;2
591;100;64;41;7;12;5;1;0;1;7
592;160;86;56;9;6;2;1;0;1;6
593;135;80;51;13;13,5;5;0;0;1;1
594;95;62;43;7;12;7;1;0;1;5
595;86;56;34;7;7,5;10;0;0;0;8
596;93;65;39;8;12,5;7;0;0;1;2
597;85;55;40;6;12,5;7;1;1;0;8
598;139;86;51;10;10,5;7;0;0;1;7
599;98;64;43;7;17;5;0;0;1;2
600;119;77;40;10;12,7;5;0;0;1;5
601;127;92;50;11;6,5;10;1;0;1;5
602;142;77;44;10;7;10;0;0;1;4
603;127;65;43;7;9;5;0;0;1;4
604;86;58;43;6;17;5;1;0;1;4
605;99;62;45;6;13,5;10;1;0;1;6
606;73;54;35;5;10,5;3;1;1;0;7
607;138;77;45;11;10,5;10;1;0;1;7
608;103;67;43;9;15,5;7;1;0;1;1
609;117;78;45;11;13;10;0;0;1;5
610;92;63;38;8;12;10;0;0;1;7
611;103;78;54;11;12;15;1;1;0;5
612;150;92;69;8;4,5;10;1;1;1;8
613;95;63;39;8;12;10;1;0;1;7
614;135;76;45;10;6;7;0;0;1;6
615;89;64;45;6;12,5;15;1;0;1;2
616;108;80;48;8;12;10;0;0;1;7
617;96;60;43;6;13,5;10;1;0;1;6
618;129;79;47;8;10,5;15;1;0;1;7
619;104;80;45;13;13;5;0;0;1;5
620;96;60;45;6;12;5;0;0;1;7
621;82;55;36;6;10;7;1;0;0;6
622;198;110;59;13;14,5;10;1;0;1;3
623;131;78;46;10;17;5;1;0;1;2
624;145;84;53;19;15,5;15;1;0;1;1
625;107;56;32;5;7,5;7;1;1;0;3
626;88;60;44;6;12;10;0;0;0;7
627;104;77;45;10;12,7;15;1;0;0;5
628;89;60;38;6;13,5;7;1;0;1;6
629;171;96;50;18;7;5;1;0;1;4
630;84;60;45;6;13,5;7;0;0;1;6
631;165;78;54;8;9;10;1;1;1;3
632;130;65;44;9;9;5;1;0;1;4
633;139;74;52;9;10,5;7;1;0;1;7
634;91;60;44;6;14,5;7;1;0;1;2
635;85;57;39;6;11,5;7;1;0;0;6
636;175;112;78;16;7;10;1;1;1;4
637;85;58;40;5;14,5;10;0;1;1;2
638;135;72;43;9;10,5;15;1;0;0;3
639;197;101;60;15;7;7;0;1;1;4
640;99;57;42;6;6,5;7;1;1;1;5
641;165;65;45;9;9;10;1;1;1;3
642;115;75;47;8;6,5;15;1;1;0;2
643;140;77;46;10;8;10;1;0;1;1
644;104;67;43;11;12;15;1;0;1;7
645;143;85;52;9;5;8;1;1;1;4
646;160;75;47;10;9;10;1;1;0;3
647;115;80;54;12;12,7;5;0;0;1;5
648;317;135;70;20;9;2;1;0;1;3
649;130;56;42;7;14,5;3;1;1;1;3
650;85;55;35;6;12;10;1;0;1;8
651;103;64;45;7;13,5;15;1;0;1;1
652;85;60;40;7;12;5;0;0;1;7
653;72;64;43;7;6;7;1;0;1;6
654;130;78;53;13;3,5;10;1;1;1;7
655;125;75;46;10;14,5;7;0;0;1;3
656;85;60;43;6;12;5;1;1;1;7
657;150;80;53;8;9;3;1;1;1;4
658;180;71;47;7;7,5;10;1;1;1;3
659;130;109;51;16;13,5;10;0;1;1;6
660;180;83;58;10;3;10;1;1;1;1
661;97;64;45;7;13,5;10;1;0;1;1
662;115;77;44;7;12;10;1;1;1;8
663;240;81;54;8;9;3;1;1;0;3
664;155;73;49;9;10,5;15;1;1;1;3
665;130;77;45;10;12;7;1;0;1;5
666;89;51;34;6;13,5;10;0;0;1;1
667;89;65;40;8;13;7;0;0;1;5
668;167;74;43;10;14,5;7;1;0;1;2
669;74;53;34;6;10,5;7;0;1;0;3
670;190;100;50;16;7;10;1;0;1;5
671;152;73;48;8;3;15;1;1;1;1
672;93;60;43;6;17;15;0;0;1;2
673;110;75;45;10;12;5;0;1;1;5
674;130;73;47;9;11;10;1;1;1;5
675;115;64;38;8;14,5;7;1;0;1;3
676;85;50;35;6;11;8;0;0;1;8
677;140;73;44;10;10,5;5;1;1;0;3
678;90;58;42;6;10,5;15;1;1;1;3
679;116;82;44;10;12,7;15;1;0;1;5
680;145;69;47;7;3,5;10;1;1;1;7
681;100;83;48;10;12;15;0;0;0;7
682;110;80;43;10;12;15;0;0;1;7
683;105;65;47;9;12,5;5;1;0;1;2
684;110;76;45;10;14,5;15;0;0;1;3
685;201;82;55;9;13,5;7;1;0;1;1
686;145;78;47;8;11;8;1;1;1;8
687;138;65;44;9;4,5;2;1;0;1;8
688;85;64;45;6;13;5;0;0;1;5
689;189;80;52;10;7;1;1;1;1;4
690;145;72;50;7;4,5;5;1;1;0;8
691;110;57;37;7;9;1;1;1;1;4
692;90;54;42;6;17;10;1;0;1;4
693;180;71;42;8;7;15;0;0;1;4
694;115;78;44;10;12;7;1;0;1;5
695;101;55;39;6;4,5;12;1;1;0;8
696;152;108;56;15;11;5;1;1;1;5
697;160;92;69;14;4,5;10;1;1;1;8
698;170;82;52;20;5;1;1;0;1;4
699;115;78;48;10;12;10;0;0;0;7
700;75;79;47;8;17;10;0;0;1;2
701;105;65;40;8;17;10;1;0;1;2
702;240;106;60;17;4,5;10;1;1;1;8
703;180;73;46;10;7,5;3;1;1;1;3
704;140;81;50;13;15,5;2;1;0;1;1
705;114;59;39;6;3,5;5;1;0;1;7
706;96;60;40;8;12,5;10;1;0;1;2
707;110;65;40;8;12,5;5;1;0;0;2
708;137;76;50;15;11;7;1;1;1;8
709;87;60;43;6;13,5;10;0;0;1;1
710;147;77;44;10;13;2;1;0;1;5
711;153;86;55;10;6,5;5;0;1;1;2
712;108;75;54;9;17;5;1;0;0;2
713;112;68;41;10;12;10;1;0;1;7
714;113;77;46;10;13;15;1;0;1;5
715;92;60;40;6;12;10;0;0;1;7
716;75;55;36;6;11,5;10;1;1;1;6
717;94;64;38;9;12;11;0;0;1;7
718;168;105;56;12;9;5;1;0;1;3
719;85;61;43;6;12;15;1;0;1;7
720;80;54;37;6;12;7;1;1;0;7
721;175;95;48;12;10;2;1;0;0;6
722;79;51;34;6;12;7;0;0;1;7
723;118;74;44;10;12,7;4;1;0;1;5
724;149;92;50;14;10;7;1;1;1;6
725;105;68;43;9;13,5;10;1;0;1;6
726;95;63;42;8;3,5;5;1;1;1;7
727;135;80;48;8;13;7;1;0;0;5
728;112;68;44;9;7,5;7;1;0;1;8
729;110;74;45;10;12;15;0;0;1;7
730;90;57;42;6;11;5;1;1;1;5
731;135;81;44;10;14,5;7;0;0;1;3
732;130;74;50;8;10,5;5;0;1;1;7
733;99;60;39;8;12;5;0;0;1;1
734;174;130;71;16;14,5;4;0;0;1;3
735;115;78;46;10;12,7;3;1;0;1;5
736;98;70;39;9;11,5;2;1;0;0;6
737;130;84;54;8;6,5;15;1;1;1;2
738;155;64;36;8;8;7;1;1;0;1
739;75;55;36;6;13,5;15;0;1;0;1
740;102;58;40;6;10,5;5;1;1;0;3
741;93;59;38;6;13,5;10;1;1;0;6
742;80;60;44;6;13,5;10;0;0;1;6
743;68;57;37;6;13,5;15;1;0;0;6
744;147;65;46;8;3;10;1;0;1;1
745;110;63;43;9;15,5;3;1;0;0;1
746;126;119;67;17;15,5;10;1;0;0;1
747;130;83;46;10;10,5;1;1;0;1;7
748;93;64;38;8;14,5;10;1;0;1;2
749;116;66;47;8;12;10;0;0;1;7
750;95;60;43;6;17;10;1;0;1;4
751;151;86;54;10;10,5;5;0;0;1;3
752;114;83;46;12;7;10;1;0;1;4
753;75;59;43;5;13,5;10;0;0;0;6
754;115;74;54;9;11;12;1;1;0;8
755;135;74;48;10;7,5;3;1;1;0;3
756;103;63;38;9;12,5;10;1;0;1;2
757;140;78;48;11;12,7;8;1;0;1;5
758;85;59;40;5;12,5;5;0;0;1;3
759;415;152;80;17;3;5;1;0;1;1
760;118;64;43;9;10,5;7;0;0;1;3
761;105;63;43;7;10,5;15;1;0;1;3
762;100;58;30;6;17;1;1;0;1;4
763;95;82;50;10;12;10;0;0;1;5
764;116;68;43;8;6,5;10;1;1;1;5
765;120;69;45;9;7,5;5;1;0;0;8
766;93;57;40;6;3,5;7;1;1;1;7
767;98;60;47;6;14,5;7;1;1;0;3
768;125;78;44;13;12;5;1;0;1;1
769;135;80;45;10;10,5;5;0;0;1;7
770;102;60;40;8;8;5;0;1;1;1
771;87;55;36;6;3,5;10;1;1;1;7
772;118;71;41;8;12;15;0;0;1;7
773;103;74;45;8;12;5;1;1;0;8
774;120;67;46;10;9;10;1;0;1;4
775;96;63;38;8;12,5;15;1;0;1;2
776;145;73;50;9;9;7;1;1;0;3
777;118;79;45;13;15,5;10;1;0;1;1
778;129;80;46;10;12;10;0;0;1;7
779;108;79;47;8;14,5;3;0;0;0;2
780;84;62;44;7;14,5;10;0;0;1;3
781;73;77;45;10;5;7;1;0;1;4
782;190;112;55;16;7;10;1;0;1;5
783;97;76;44;10;12;10;1;0;0;5
784;144;95;62;11;10;10;1;0;1;6
785;95;60;43;6;9;5;0;0;1;4
786;245;85;54;12;9;7;1;1;1;4
787;86;59;42;5;11,5;10;1;0;1;6
788;340;121;72;13;12,5;3;1;1;1;3
789;117;82;44;10;13;2;1;0;1;5
790;115;62;38;8;11,5;5;1;0;1;6
791;118;72;43;10;12,7;2;1;0;0;5
792;115;86;67;13;13,5;15;0;0;1;6
793;220;98;60;9;4,5;10;1;1;1;8
794;95;60;37;8;12,5;15;1;0;1;2
795;118;75;46;10;17;5;1;0;1;2
796;185;86;47;8;3;3;1;1;1;1
797;93;57;43;6;10,5;15;0;0;1;3
798;90;78;45;10;13,5;10;0;0;1;6
799;125;80;45;11;12;2;1;0;1;5
800;103;75;45;10;12;5;0;1;1;5
801;117;78;44;10;12;5;1;0;1;5
802;145;74;45;10;15,5;15;1;0;1;1
803;140;66;42;8;7;2;1;1;0;4
804;107;73;47;9;17;15;0;1;0;2
805;122;81;46;13;12;15;1;0;1;5
806;100;60;39;6;17;5;1;0;1;4
807;93;62;38;7;17;3;1;0;1;4
808;95;61;43;6;12;15;1;0;0;7
809;315;118;54;12;3,5;2;1;1;1;7
810;114;75;44;10;12,7;7;1;0;1;5
811;131;74;43;10;13,5;15;1;0;1;1
812;530;150;80;15;7,5;7;1;1;1;3
813;108;66;44;7;17;5;1;0;1;4
814;93;61;38;8;13;7;0;0;1;5
815;98;79;48;10;12;10;1;1;1;5
816;125;83;53;10;5;12;1;0;0;4
817;120;59;45;6;3;3;1;0;1;1
818;130;72;44;9;6;5;1;1;1;6
819;114;76;45;10;12;15;0;0;1;7
820;115;59;39;6;10;10;1;0;0;6
821;120;67;45;7;13,5;10;1;0;1;1
822;110;60;44;6;7;5;0;0;1;4
823;145;76;44;24;12,7;2;1;0;0;5
824;137;69;44;10;9;10;1;0;1;4
825;138;86;54;10;6;5;0;1;1;6
826;111;57;40;6;9;3;1;1;1;4
827;89;64;45;7;12;5;1;0;1;5
828;105;66;44;7;13,5;7;0;0;1;1
829;95;57;42;6;6,5;7;1;1;1;5
830;220;77;49;10;7,5;5;1;1;1;8
831;107;69;45;10;12;10;1;0;1;7
832;92;59;41;6;7,5;12;1;0;1;3
833;164;101;51;15;12,7;5;1;0;1;5
834;125;78;38;11;12,7;10;1;0;1;5
835;93;64;45;7;14,5;3;1;0;1;2
836;94;64;45;7;14,5;10;0;0;1;3
837;135;73;53;8;11;15;1;1;1;8
838;105;73;45;8;11;10;1;0;0;5
839;129;72;44;10;6;5;1;0;0;6
840;95;54;36;5;3,5;15;1;1;1;7
841;140;67;46;9;8;15;1;0;1;1
842;123;70;47;8;12;7;0;0;1;7
843;82;56;39;6;10;5;1;0;1;6
844;115;65;47;8;13,5;3;1;1;1;1
845;132;80;54;10;12;10;1;0;1;1
846;240;106;71;9;9;10;1;1;1;3
847;137;83;48;12;15,5;10;1;0;1;1
848;90;64;39;9;6;5;0;1;1;6
849;98;66;44;7;11,5;10;1;0;1;6
850;115;79;45;13;13;7;0;0;1;5
851;352;108;81;16;4,5;10;1;1;1;8
852;131;79;45;12;14,5;5;0;0;1;3
853;123;77;46;10;13;10;1;0;1;5
854;85;56;36;5;10,5;15;0;0;1;3
855;195;86;60;10;9;5;0;1;1;3
856;123;81;48;9;12;20;0;0;0;7
857;110;77;46;10;12,7;7;0;0;1;5
858;137;80;50;12;10,5;15;1;1;1;3
859;170;75;55;8;9;7;1;1;1;4
860;125;63;43;6;17;5;1;1;1;4
861;200;113;64;11;13,5;10;0;0;1;6
862;170;79;52;9;9;7;1;0;1;4
863;85;57;43;6;12;12;1;1;0;7
864;120;76;49;9;3;10;1;1;0;1
865;95;58;39;6;9;5;1;0;0;4
866;122;64;46;8;12,5;7;0;0;1;3
867;179;73;47;6;3;10;1;1;1;1
868;82;57;42;5;12,7;10;1;1;1;5
869;124;79;44;13;12;10;1;0;1;1
870;150;76;45;10;9;5;0;0;1;4
871;160;84;50;9;12,7;1;1;0;1;5
872;96;59;42;6;13,5;7;1;0;1;6
873;167;74;45;11;5;10;1;0;1;4
874;173;80;50;8;6;10;1;1;1;6
875;132;78;46;14;12,5;12;1;0;0;2
876;199;70;46;8;7,5;7;1;1;1;3
877;105;64;38;8;14,5;10;0;0;1;2
878;119;68;45;8;6;10;1;0;1;6
879;117;81;46;10;12,5;10;1;0;1;2
880;250;92;57;11;9;3;1;1;1;3
881;85;53;34;6;10,5;3;1;0;1;7
882;88;60;43;6;12,5;5;1;0;1;2
883;75;56;37;5;10;10;1;0;0;6
884;170;86;56;10;12;2;1;0;1;5
885;222;134;75;16;12;5;1;0;1;7
886;95;51;34;6;12;5;0;0;1;8
887;96;65;40;8;14,5;15;1;0;0;2
888;100;77;50;6;3,5;3;1;1;1;7
889;115;67;42;9;3,5;7;1;1;1;7
890;79;60;43;5;12;10;0;0;0;7
891;108;65;40;8;17;5;1;0;1;2
892;197;70;46;7;4,5;3;1;1;1;8
893;138;95;63;9;10;10;1;0;1;6
894;102;64;47;6;17;10;1;0;1;4
895;245;83;48;12;7,5;10;1;1;1;8
896;147;80;45;13;4,5;15;1;0;1;8
897;176;86;54;8;9;10;1;1;1;4
898;127;74;45;11;12;10;0;0;0;1
899;98;58;43;6;14,5;10;0;0;1;3
900;87;54;34;6;17;1;1;0;1;4
901;149;77;45;10;13;2;1;0;1;5
902;115;78;46;10;12;15;0;0;1;7
903;145;69;43;7;3,5;3;1;1;1;7
904;82;59;38;6;13,5;5;1;0;1;6
905;79;51;34;6;13,5;10;1;0;1;6
906;86;54;36;6;9;15;0;1;0;3
907;94;72;46;10;14,5;9;0;0;1;3
908;150;76;45;10;13,5;10;1;0;1;1
909;117;76;43;10;12;5;1;0;1;5
910;82;58;35;11;12,5;10;0;0;0;3
911;95;57;41;6;4,5;7;1;1;0;8
912;95;66;39;8;14,5;15;1;0;1;2
913;100;65;41;8;14,5;5;0;0;1;2
914;140;81;50;7;12;10;1;1;0;8
915;127;76;54;6;9;5;0;0;0;4
916;150;81;55;9;9;5;0;1;0;3
917;170;78;51;9;10,5;10;1;1;1;3
918;79;54;36;6;12,5;10;0;1;1;3
919;169;84;62;10;6,5;1;1;0;1;2
920;160;75;44;10;12;5;1;0;1;8
921;117;79;45;13;14,5;7;0;0;1;3
922;112;72;51;8;6,5;5;1;1;0;5
923;140;83;47;9;10,5;5;0;1;1;3
924;165;82;54;10;6;5;1;1;1;6
925;85;58;44;6;10,5;10;1;0;0;3
926;160;69;47;8;3;10;1;1;1;1
927;118;77;43;11;7;5;0;0;1;4
928;137;70;45;8;10,5;10;1;1;1;3
929;145;80;49;11;12,5;10;0;0;1;3
930;118;80;45;13;12;15;1;0;1;5
931;105;65;39;8;17;10;1;0;0;2
932;123;74;44;12;9;7;0;0;1;4
933;91;62;38;7;13,5;7;0;0;0;6
934;145;80;53;9;6;2;1;1;1;6
935;130;72;45;10;11,5;10;1;0;0;6
936;200;87;60;15;11,5;3;1;1;1;6
937;100;76;45;10;12;15;0;0;1;7
938;160;77;42;8;6;5;0;0;1;6
939;125;66;40;10;12;20;1;0;1;8
940;115;79;46;10;12,7;10;1;0;1;5
941;95;56;42;7;3,5;10;1;1;0;7
942;94;55;41;5;13,5;10;1;1;1;1
943;105;78;45;10;13;10;0;0;1;5
944;100;64;38;8;14,5;15;0;0;1;2
945;83;53;34;6;12,5;15;1;0;1;2
946;93;70;50;9;12,5;10;1;0;0;2
947;150;68;46;9;12;5;1;1;1;8
948;105;67;48;8;13,5;15;1;0;1;6
949;110;79;46;10;13;5;1;0;1;5
950;171;90;63;10;10,5;3;1;0;1;3
951;165;76;52;9;8;2;1;1;1;1
952;87;61;42;9;13,5;10;1;0;1;6
953;85;60;40;6;13,5;5;0;0;1;6
954;95;55;42;5;10,5;5;0;1;1;3
955;179;65;45;8;9;5;1;1;1;3
956;150;81;54;9;9;5;0;1;0;3
957;268;121;60;16;7,5;5;1;0;1;3
958;115;68;46;7;14,5;15;1;0;1;3
959;185;99;67;9;9;10;1;1;0;4
960;105;66;40;8;12,5;5;1;0;1;2
961;95;59;43;6;15,5;5;0;0;1;1
962;133;65;47;8;12,5;5;1;0;1;3
963;102;58;38;6;15,5;8;1;0;1;1
964;265;136;88;14;10,5;10;1;1;1;3
965;92;59;38;6;15,5;10;1;0;1;1
966;117;61;44;6;4,5;5;1;1;1;8
967;185;68;47;8;4,5;5;1;1;1;8
968;110;63;38;8;17;10;1;0;1;2
969;170;86;59;10;17;10;0;1;1;2
970;79;59;43;6;12;10;0;0;0;7
971;115;81;50;8;13;10;1;0;1;5
972;122;96;54;12;13,5;10;0;0;0;6
973;88;72;51;9;11,5;10;0;1;1;6
974;105;60;43;6;17;5;1;0;1;4
975;120;79;44;10;13;3;1;0;1;5
976;150;74;48;12;12;5;1;0;1;8
977;125;75;45;10;13,5;10;0;0;1;6
978;120;80;45;13;12;15;1;0;1;5
979;119;75;46;10;12;7;0;0;0;7
980;89;60;42;6;12;7;0;0;1;8
981;160;77;45;10;12;15;1;0;1;8
982;155;60;40;11;7,5;5;1;1;1;3
983;96;60;45;6;12;5;0;0;1;7
984;169;77;52;8;7;3;1;1;1;4
985;125;74;46;8,5;12;5;1;0;1;5
986;119;77;45;10;13;10;0;0;1;5
987;145;75;46;10;9;15;1;0;1;4
988;84;60;43;6;14,5;5;0;0;1;3
989;98;68;44;8;10,5;10;1;0;1;7
990;130;75;45;8;11;10;1;1;1;8
991;110;76;45;10;12;5;1;0;1;5
992;95;74;45;8;14,5;5;0;1;0;2
993;95;64;45;7;17;5;1;0;1;2
994;114;73;44;10;13,5;10;0;0;0;6
995;129;64;39;9;13,5;5;0;0;1;1
996;97;72;43;10;12,7;10;0;0;1;5
997;95;60;43;6;9;5;0;0;1;4
998;95;60;46;5;10,5;5;1;0;1;7
999;129;76;48;10;12,5;5;0;0;1;3
1000;103;64;45;7;15,5;5;1;0;1;1
;;;;;;;;;;
;;;;;;;;;;
;;;;;;;;;;
;;;;;;;;;;
;;;;;;;;;;
;;;;;;;;;;
;;;;;;;;;;
;;;;;;;;;;
;;;;;;;;;;
;;;;;;;;;;
;;;;;;;;;;
;;;;;;;;;;
;;;;;;;;;;
;;;;;;;;;;
;;;;;;;;;;
;;;;;;;;;;
;;;;;;;;;;
;;;;;;;;;;
;;;;;;;;;;
;;;;;;;;;;
;;;;;;;;;;
;;;;;;;;;;
;;;;;;;;;;
;;;;;;;;;;
;;;;;;;;;;
;;;;;;;;;;
;;;;;;;;;;
;;;;;;;;;;
;;;;;;;;;;
;;;;;;;;;;
;;;;;;;;;;
;;;;;;;;;;
;;;;;;;;;;
;;;;;;;;;;
;;;;;;;;;;
;;;;;;;;;;
;;;;;;;;;;
;;;;;;;;;;
;;;;;;;;;;
;;;;;;;;;;
;;;;;;;;;;
;;;;;;;;;;
;;;;;;;;;;
;;;;;;;;;;
;;;;;;;;;;
;;;;;;;;;;
;;;;;;;;;;
;;;;;;;;;;
;;;;;;;;;;
;;;;;;;;;;
;;;;;;;;;;
;;;;;;;;;;
;;;;;;;;;;
;;;;;;;;;;
;;;;;;;;;;
;;;;;;;;;;
;;;;;;;;;;
;;;;;;;;;;
;;;;;;;;;;
;;;;;;;;;;
;;;;;;;;;;
;;;;;;;;;;
;;;;;;;;;;
;;;;;;;;;;
;;;;;;;;;;
;;;;;;;;;;
;;;;;;;;;;
;;;;;;;;;;
;;;;;;;;;;
;;;;;;;;;;
;;;;;;;;;;
;;;;;;;;;;
;;;;;;;;;;
;;;;;;;;;;
;;;;;;;;;;
;;;;;;;;;;
;;;;;;;;;;
;;;;;;;;;;
;;;;;;;;;;
;;;;;;;;;;
;;;;;;;;;;
;;;;;;;;;;
;;;;;;;;;;
;;;;;;;;;;
;;;;;;;;;;
;;;;;;;;;;
;;;;;;;;;;
;;;;;;;;;;
;;;;;;;;;;
;;;;;;;;;;
;;;;;;;;;;
;;;;;;;;;;
;;;;;;;;;;
;;;;;;;;;;
;;;;;;;;;;
;;;;;;;;;;
;;;;;;;;;;
;;;;;;;;;;
;;;;;;;;;;
;;;;;;;;;;
;;;;;;;;;;
;;;;;;;;;;
;;;;;;;;;;
;;;;;;;;;;
;;;;;;;;;;
;;;;;;;;;;
;;;;;;;;;;
;;;;;;;;;;
;;;;;;;;;;
;;;;;;;;;;
;;;;;;;;;;
;;;;;;;;;;
;;;;;;;;;;
;;;;;;;;;;
;;;;;;;;;;
;;;;;;;;;;
;;;;;;;;;;
;;;;;;;;;;
;;;;;;;;;;
;;;;;;;;;;
;;;;;;;;;;
;;;;;;;;;;
;;;;;;;;;;
;;;;;;;;;;
;;;;;;;;;;
;;;;;;;;;;
;;;;;;;;;;
;;;;;;;;;;
;;;;;;;;;;
;;;;;;;;;;
;;;;;;;;;;
;;;;;;;;;;
;;;;;;;;;;
;;;;;;;;;;
;;;;;;;;;;
;;;;;;;;;;
;;;;;;;;;;
;;;;;;;;;;
;;;;;;;;;;
;;;;;;;;;;
;;;;;;;;;;
;;;;;;;;;;
;;;;;;;;;;
;;;;;;;;;;
;;;;;;;;;;
;;;;;;;;;;
;;;;;;;;;;
;;;;;;;;;;
;;;;;;;;;;
;;;;;;;;;;
;;;;;;;;;;
;;;;;;;;;;
;;;;;;;;;;
;;;;;;;;;;
;;;;;;;;;;
;;;;;;;;;;
;;;;;;;;;;
;;;;;;;;;;
;;;;;;;;;;
;;;;;;;;;;
;;;;;;;;;;
;;;;;;;;;;
;;;;;;;;;;
;;;;;;;;;;
;;;;;;;;;;
;;;;;;;;;;
;;;;;;;;;;
;;;;;;;;;;
;;;;;;;;;;
;;;;;;;;;;
;;;;;;;;;;
;;;;;;;;;;
;;;;;;;;;;
;;;;;;;;;;
;;;;;;;;;;
;;;;;;;;;;
;;;;;;;;;;
;;;;;;;;;;
;;;;;;;;;;
;;;;;;;;;;
;;;;;;;;;;
;;;;;;;;;;
;;;;;;;;;;
;;;;;;;;;;
;;;;;;;;;;
;;;;;;;;;;
;;;;;;;;;;
;;;;;;;;;;
;;;;;;;;;;
;;;;;;;;;;
;;;;;;;;;;
;;;;;;;;;;
;;;;;;;;;;
;;;;;;;;;;
;;;;;;;;;;
;;;;;;;;;;
;;;;;;;;;;
;;;;;;;;;;
;;;;;;;;;;
;;;;;;;;;;
;;;;;;;;;;
;;;;;;;;;;
;;;;;;;;;;
;;;;;;;;;;
;;;;;;;;;;
;;;;;;;;;;
;;;;;;;;;;
;;;;;;;;;;
;;;;;;;;;;
;;;;;;;;;;
;;;;;;;;;;
;;;;;;;;;;
;;;;;;;;;;
;;;;;;;;;;
;;;;;;;;;;
;;;;;;;;;;
;;;;;;;;;;
;;;;;;;;;;
;;;;;;;;;;
;;;;;;;;;;
;;;;;;;;;;
;;;;;;;;;;
;;;;;;;;;;
;;;;;;;;;;
;;;;;;;;;;
;;;;;;;;;;
;;;;;;;;;;
;;;;;;;;;;
;;;;;;;;;;
;;;;;;;;;;
;;;;;;;;;;
;;;;;;;;;;
;;;;;;;;;;
;;;;;;;;;;
;;;;;;;;;;
;;;;;;;;;;
;;;;;;;;;;
;;;;;;;;;;
;;;;;;;;;;
;;;;;;;;;;
;;;;;;;;;;
;;;;;;;;;;
;;;;;;;;;;
;;;;;;;;;;
;;;;;;;;;;
;;;;;;;;;;
;;;;;;;;;;
;;;;;;;;;;
;;;;;;;;;;
;;;;;;;;;;
;;;;;;;;;;
;;;;;;;;;;
;;;;;;;;;;
;;;;;;;;;;
;;;;;;;;;;
;;;;;;;;;;
;;;;;;;;;;
;;;;;;;;;;
;;;;;;;;;;
;;;;;;;;;;
;;;;;;;;;;
;;;;;;;;;;
;;;;;;;;;;
;;;;;;;;;;
;;;;;;;;;;
;;;;;;;;;;
;;;;;;;;;;
;;;;;;;;;;
;;;;;;;;;;
;;;;;;;;;;
;;;;;;;;;;
;;;;;;;;;;
;;;;;;;;;;
;;;;;;;;;;
;;;;;;;;;;
;;;;;;;;;;
;;;;;;;;;;
;;;;;;;;;;
;;;;;;;;;;
;;;;;;;;;;
;;;;;;;;;;
;;;;;;;;;;
;;;;;;;;;;
;;;;;;;;;;
;;;;;;;;;;
;;;;;;;;;;
;;;;;;;;;;
;;;;;;;;;;
;;;;;;;;;;
;;;;;;;;;;
;;;;;;;;;;
;;;;;;;;;;
;;;;;;;;;;
;;;;;;;;;;
;;;;;;;;;;
;;;;;;;;;;
;;;;;;;;;;
;;;;;;;;;;
;;;;;;;;;;
;;;;;;;;;;
;;;;;;;;;;
;;;;;;;;;;
;;;;;;;;;;
;;;;;;;;;;
;;;;;;;;;;
;;;;;;;;;;
;;;;;;;;;;
;;;;;;;;;;
;;;;;;;;;;
;;;;;;;;;;
;;;;;;;;;;
;;;;;;;;;;
;;;;;;;;;;
;;;;;;;;;;
;;;;;;;;;;
;;;;;;;;;;
;;;;;;;;;;
;;;;;;;;;;
;;;;;;;;;;
;;;;;;;;;;
;;;;;;;;;;
;;;;;;;;;;
;;;;;;;;;;
;;;;;;;;;;
;;;;;;;;;;
;;;;;;;;;;
;;;;;;;;;;
;;;;;;;;;;
;;;;;;;;;;
;;;;;;;;;;
;;;;;;;;;;
;;;;;;;;;;
;;;;;;;;;;
;;;;;;;;;;
;;;;;;;;;;
;;;;;;;;;;
;;;;;;;;;;
;;;;;;;;;;
;;;;;;;;;;
;;;;;;;;;;
;;;;;;;;;;
;;;;;;;;;;
;;;;;;;;;;
;;;;;;;;;;
;;;;;;;;;;
;;;;;;;;;;
;;;;;;;;;;
;;;;;;;;;;
;;;;;;;;;;
;;;;;;;;;;
;;;;;;;;;;
;;;;;;;;;;
;;;;;;;;;;
;;;;;;;;;;
;;;;;;;;;;
;;;;;;;;;;
;;;;;;;;;;
;;;;;;;;;;
;;;;;;;;;;
;;;;;;;;;;
;;;;;;;;;;
;;;;;;;;;;
;;;;;;;;;;
;;;;;;;;;;
;;;;;;;;;;
;;;;;;;;;;
;;;;;;;;;;
;;;;;;;;;;
;;;;;;;;;;
;;;;;;;;;;
;;;;;;;;;;
;;;;;;;;;;
;;;;;;;;;;
;;;;;;;;;;
;;;;;;;;;;
;;;;;;;;;;
;;;;;;;;;;
;;;;;;;;;;
;;;;;;;;;;
;;;;;;;;;;
;;;;;;;;;;
;;;;;;;;;;
;;;;;;;;;;
;;;;;;;;;;
;;;;;;;;;;
;;;;;;;;;;
;;;;;;;;;;
;;;;;;;;;;
;;;;;;;;;;
;;;;;;;;;;
;;;;;;;;;;
;;;;;;;;;;
;;;;;;;;;;
;;;;;;;;;;
;;;;;;;;;;
;;;;;;;;;;
;;;;;;;;;;
;;;;;;;;;;
;;;;;;;;;;
;;;;;;;;;;
;;;;;;;;;;
;;;;;;;;;;
;;;;;;;;;;
;;;;;;;;;;
;;;;;;;;;;
;;;;;;;;;;
;;;;;;;;;;
;;;;;;;;;;
;;;;;;;;;;
;;;;;;;;;;
;;;;;;;;;;
;;;;;;;;;;
;;;;;;;;;;
;;;;;;;;;;
;;;;;;;;;;
;;;;;;;;;;
;;;;;;;;;;
;;;;;;;;;;
;;;;;;;;;;
;;;;;;;;;;
;;;;;;;;;;
;;;;;;;;;;
;;;;;;;;;;
;;;;;;;;;;
;;;;;;;;;;
;;;;;;;;;;
;;;;;;;;;;
;;;;;;;;;;
;;;;;;;;;;
;;;;;;;;;;
;;;;;;;;;;
;;;;;;;;;;
;;;;;;;;;;
;;;;;;;;;;
;;;;;;;;;;
;;;;;;;;;;
;;;;;;;;;;
;;;;;;;;;;
;;;;;;;;;;
;;;;;;;;;;
;;;;;;;;;;
;;;;;;;;;;
;;;;;;;;;;
;;;;;;;;;;
;;;;;;;;;;
;;;;;;;;;;
;;;;;;;;;;
;;;;;;;;;;
;;;;;;;;;;
;;;;;;;;;;
;;;;;;;;;;
;;;;;;;;;;
;;;;;;;;;;
;;;;;;;;;;
;;;;;;;;;;
;;;;;;;;;;
;;;;;;;;;;
;;;;;;;;;;
;;;;;;;;;;
;;;;;;;;;;
;;;;;;;;;;
;;;;;;;;;;
;;;;;;;;;;
;;;;;;;;;;
;;;;;;;;;;
;;;;;;;;;;
;;;;;;;;;;
;;;;;;;;;;
;;;;;;;;;;
;;;;;;;;;;
;;;;;;;;;;
;;;;;;;;;;
;;;;;;;;;;
;;;;;;;;;;
;;;;;;;;;;
;;;;;;;;;;
;;;;;;;;;;
;;;;;;;;;;
;;;;;;;;;;
;;;;;;;;;;
;;;;;;;;;;
;;;;;;;;;;
;;;;;;;;;;
;;;;;;;;;;
;;;;;;;;;;
;;;;;;;;;;
;;;;;;;;;;
;;;;;;;;;;
;;;;;;;;;;
;;;;;;;;;;
;;;;;;;;;;
;;;;;;;;;;
;;;;;;;;;;
;;;;;;;;;;
;;;;;;;;;;
;;;;;;;;;;
;;;;;;;;;;
;;;;;;;;;;
;;;;;;;;;;
;;;;;;;;;;
;;;;;;;;;;
;;;;;;;;;;
;;;;;;;;;;
;;;;;;;;;;
;;;;;;;;;;
;;;;;;;;;;
;;;;;;;;;;
;;;;;;;;;;
;;;;;;;;;;
;;;;;;;;;;
;;;;;;;;;;
;;;;;;;;;;
;;;;;;;;;;
;;;;;;;;;;
;;;;;;;;;;
;;;;;;;;;;
;;;;;;;;;;
;;;;;;;;;;
;;;;;;;;;;
;;;;;;;;;;
;;;;;;;;;;
;;;;;;;;;;
;;;;;;;;;;
;;;;;;;;;;
;;;;;;;;;;
;;;;;;;;;;
;;;;;;;;;;
;;;;;;;;;;
;;;;;;;;;;
;;;;;;;;;;
;;;;;;;;;;
;;;;;;;;;;
;;;;;;;;;;
;;;;;;;;;;
;;;;;;;;;;
;;;;;;;;;;
;;;;;;;;;;
;;;;;;;;;;
;;;;;;;;;;
;;;;;;;;;;
;;;;;;;;;;
;;;;;;;;;;
;;;;;;;;;;
;;;;;;;;;;
;;;;;;;;;;
;;;;;;;;;;
;;;;;;;;;;
;;;;;;;;;;
;;;;;;;;;;
;;;;;;;;;;
;;;;;;;;;;
;;;;;;;;;;
;;;;;;;;;;
;;;;;;;;;;
;;;;;;;;;;
;;;;;;;;;;
;;;;;;;;;;
;;;;;;;;;;
;;;;;;;;;;
;;;;;;;;;;
;;;;;;;;;;
;;;;;;;;;;
;;;;;;;;;;
;;;;;;;;;;
;;;;;;;;;;
;;;;;;;;;;
;;;;;;;;;;
;;;;;;;;;;
;;;;;;;;;;
;;;;;;;;;;
;;;;;;;;;;
;;;;;;;;;;
;;;;;;;;;;
;;;;;;;;;;
;;;;;;;;;;
;;;;;;;;;;
;;;;;;;;;;
;;;;;;;;;;
;;;;;;;;;;
;;;;;;;;;;
;;;;;;;;;;
;;;;;;;;;;
;;;;;;;;;;
;;;;;;;;;;
;;;;;;;;;;
;;;;;;;;;;
;;;;;;;;;;
;;;;;;;;;;
;;;;;;;;;;
;;;;;;;;;;
;;;;;;;;;;
;;;;;;;;;;
;;;;;;;;;;
;;;;;;;;;;
;;;;;;;;;;
;;;;;;;;;;
;;;;;;;;;;
;;;;;;;;;;
;;;;;;;;;;
;;;;;;;;;;
;;;;;;;;;;
;;;;;;;;;;
;;;;;;;;;;
;;;;;;;;;;
;;;;;;;;;;
;;;;;;;;;;
;;;;;;;;;;
;;;;;;;;;;
;;;;;;;;;;
;;;;;;;;;;
;;;;;;;;;;
;;;;;;;;;;
;;;;;;;;;;
;;;;;;;;;;
;;;;;;;;;;
;;;;;;;;;;
;;;;;;;;;;
;;;;;;;;;;
;;;;;;;;;;
;;;;;;;;;;
;;;;;;;;;;
;;;;;;;;;;
;;;;;;;;;;
;;;;;;;;;;
;;;;;;;;;;
;;;;;;;;;;
;;;;;;;;;;
;;;;;;;;;;
;;;;;;;;;;
;;;;;;;;;;
;;;;;;;;;;
;;;;;;;;;;
;;;;;;;;;;
;;;;;;;;;;
;;;;;;;;;;
;;;;;;;;;;
;;;;;;;;;;
;;;;;;;;;;
;;;;;;;;;;
;;;;;;;;;;
;;;;;;;;;;
;;;;;;;;;;
;;;;;;;;;;
;;;;;;;;;;
;;;;;;;;;;
;;;;;;;;;;
;;;;;;;;;;
;;;;;;;;;;
;;;;;;;;;;
;;;;;;;;;;
;;;;;;;;;;
;;;;;;;;;;
;;;;;;;;;;
;;;;;;;;;;
;;;;;;;;;;
;;;;;;;;;;
;;;;;;;;;;
;;;;;;;;;;
;;;;;;;;;;
;;;;;;;;;;
;;;;;;;;;;
;;;;;;;;;;
;;;;;;;;;;
;;;;;;;;;;
;;;;;;;;;;
;;;;;;;;;;
;;;;;;;;;;
;;;;;;;;;;
;;;;;;;;;;
;;;;;;;;;;
;;;;;;;;;;
;;;;;;;;;;
;;;;;;;;;;
;;;;;;;;;;
;;;;;;;;;;
;;;;;;;;;;
;;;;;;;;;;
;;;;;;;;;;
;;;;;;;;;;
;;;;;;;;;;
;;;;;;;;;;
;;;;;;;;;;
;;;;;;;;;;
;;;;;;;;;;
;;;;;;;;;;
;;;;;;;;;;
;;;;;;;;;;
;;;;;;;;;;
;;;;;;;;;;
;;;;;;;;;;
;;;;;;;;;;
;;;;;;;;;;
;;;;;;;;;;
;;;;;;;;;;
;;;;;;;;;;
;;;;;;;;;;
;;;;;;;;;;
;;;;;;;;;;
;;;;;;;;;;
;;;;;;;;;;
;;;;;;;;;;
;;;;;;;;;;
;;;;;;;;;;
;;;;;;;;;;
;;;;;;;;;;
;;;;;;;;;;
;;;;;;;;;;
;;;;;;;;;;
;;;;;;;;;;
;;;;;;;;;;
;;;;;;;;;;
;;;;;;;;;;
;;;;;;;;;;
;;;;;;;;;;
;;;;;;;;;;
;;;;;;;;;;
;;;;;;;;;;
;;;;;;;;;;
;;;;;;;;;;
;;;;;;;;;;
;;;;;;;;;;
;;;;;;;;;;
;;;;;;;;;;
;;;;;;;;;;
;;;;;;;;;;
;;;;;;;;;;
;;;;;;;;;;
;;;;;;;;;;
;;;;;;;;;;
;;;;;;;;;;
;;;;;;;;;;
;;;;;;;;;;
;;;;;;;;;;
;;;;;;;;;;
;;;;;;;;;;
;;;;;;;;;;
;;;;;;;;;;
;;;;;;;;;;
;;;;;;;;;;
;;;;;;;;;;
;;;;;;;;;;
;;;;;;;;;;
;;;;;;;;;;
;;;;;;;;;;
;;;;;;;;;;
;;;;;;;;;;
;;;;;;;;;;
;;;;;;;;;;
;;;;;;;;;;
;;;;;;;;;;
;;;;;;;;;;
;;;;;;;;;;
;;;;;;;;;;
;;;;;;;;;;
;;;;;;;;;;
;;;;;;;;;;
;;;;;;;;;;
;;;;;;;;;;
;;;;;;;;;;
;;;;;;;;;;
;;;;;;;;;;
;;;;;;;;;;
;;;;;;;;;;
;;;;;;;;;;
;;;;;;;;;;
;;;;;;;;;;
;;;;;;;;;;
;;;;;;;;;;
;;;;;;;;;;
;;;;;;;;;;
;;;;;;;;;;
;;;;;;;;;;
;;;;;;;;;;
;;;;;;;;;;
;;;;;;;;;;
;;;;;;;;;;
;;;;;;;;;;
;;;;;;;;;;
;;;;;;;;;;
;;;;;;;;;;
;;;;;;;;;;
;;;;;;;;;;
;;;;;;;;;;
;;;;;;;;;;
;;;;;;;;;;
;;;;;;;;;;
;;;;;;;;;;
;;;;;;;;;;
;;;;;;;;;;
;;;;;;;;;;
;;;;;;;;;;
;;;;;;;;;;
;;;;;;;;;;
;;;;;;;;;;
;;;;;;;;;;
;;;;;;;;;;
;;;;;;;;;;
;;;;;;;;;;
;;;;;;;;;;
;;;;;;;;;;
;;;;;;;;;;
;;;;;;;;;;
;;;;;;;;;;
;;;;;;;;;;
;;;;;;;;;;
;;;;;;;;;;
;;;;;;;;;;
;;;;;;;;;;
;;;;;;;;;;
;;;;;;;;;;
;;;;;;;;;;
;;;;;;;;;;
;;;;;;;;;;
;;;;;;;;;;
;;;;;;;;;;
;;;;;;;;;;
;;;;;;;;;;
;;;;;;;;;;
;;;;;;;;;;
;;;;;;;;;;
;;;;;;;;;;
;;;;;;;;;;
;;;;;;;;;;
;;;;;;;;;;
;;;;;;;;;;
;;;;;;;;;;
;;;;;;;;;;
;;;;;;;;;;
;;;;;;;;;;
;;;;;;;;;;
;;;;;;;;;;
;;;;;;;;;;
;;;;;;;;;;
;;;;;;;;;;
;;;;;;;;;;
;;;;;;;;;;
;;;;;;;;;;
;;;;;;;;;;
;;;;;;;;;;
;;;;;;;;;;
;;;;;;;;;;
;;;;;;;;;;
;;;;;;;;;;
;;;;;;;;;;
;;;;;;;;;;
;;;;;;;;;;
;;;;;;;;;;
;;;;;;;;;;
;;;;;;;;;;
;;;;;;;;;;
;;;;;;;;;;
;;;;;;;;;;
;;;;;;;;;;
;;;;;;;;;;
;;;;;;;;;;
;;;;;;;;;;
;;;;;;;;;;
;;;;;;;;;;
;;;;;;;;;;
;;;;;;;;;;
;;;;;;;;;;
;;;;;;;;;;
;;;;;;;;;;
;;;;;;;;;;
;;;;;;;;;;
;;;;;;;;;;
;;;;;;;;;;
;;;;;;;;;;
;;;;;;;;;;
;;;;;;;;;;
;;;;;;;;;;
;;;;;;;;;;
;;;;;;;;;;
;;;;;;;;;;
;;;;;;;;;;
;;;;;;;;;;
;;;;;;;;;;
;;;;;;;;;;
;;;;;;;;;;
;;;;;;;;;;
;;;;;;;;;;
;;;;;;;;;;
;;;;;;;;;;
;;;;;;;;;;
;;;;;;;;;;
;;;;;;;;;;
;;;;;;;;;;
;;;;;;;;;;
;;;;;;;;;;
;;;;;;;;;;
;;;;;;;;;;
;;;;;;;;;;
;;;;;;;;;;
;;;;;;;;;;
;;;;;;;;;;
;;;;;;;;;;
;;;;;;;;;;
;;;;;;;;;;
;;;;;;;;;;
;;;;;;;;;;
;;;;;;;;;;
;;;;;;;;;;
;;;;;;;;;;
;;;;;;;;;;
;;;;;;;;;;
;;;;;;;;;;
;;;;;;;;;;
;;;;;;;;;;
;;;;;;;;;;
;;;;;;;;;;
;;;;;;;;;;
;;;;;;;;;;
;;;;;;;;;;
;;;;;;;;;;
;;;;;;;;;;
;;;;;;;;;;
;;;;;;;;;;
;;;;;;;;;;
;;;;;;;;;;
;;;;;;;;;;
;;;;;;;;;;
;;;;;;;;;;
;;;;;;;;;;
;;;;;;;;;;
;;;;;;;;;;
;;;;;;;;;;
;;;;;;;;;;
;;;;;;;;;;
;;;;;;;;;;
;;;;;;;;;;
;;;;;;;;;;
;;;;;;;;;;
;;;;;;;;;;
;;;;;;;;;;
;;;;;;;;;;
;;;;;;;;;;
;;;;;;;;;;
;;;;;;;;;;
;;;;;;;;;;
;;;;;;;;;;
;;;;;;;;;;
;;;;;;;;;;
;;;;;;;;;;
;;;;;;;;;;
;;;;;;;;;;
;;;;;;;;;;
;;;;;;;;;;
;;;;;;;;;;
;;;;;;;;;;
;;;;;;;;;;
;;;;;;;;;;
;;;;;;;;;;
;;;;;;;;;;
;;;;;;;;;;
;;;;;;;;;;
;;;;;;;;;;
;;;;;;;;;;
;;;;;;;;;;
;;;;;;;;;;
;;;;;;;;;;
;;;;;;;;;;
;;;;;;;;;;
;;;;;;;;;;
;;;;;;;;;;
;;;;;;;;;;
;;;;;;;;;;
;;;;;;;;;;
;;;;;;;;;;
;;;;;;;;;;
;;;;;;;;;;
;;;;;;;;;;
;;;;;;;;;;
;;;;;;;;;;
;;;;;;;;;;
;;;;;;;;;;
;;;;;;;;;;
;;;;;;;;;;
;;;;;;;;;;
;;;;;;;;;;
;;;;;;;;;;
;;;;;;;;;;
;;;;;;;;;;
;;;;;;;;;;
;;;;;;;;;;
;;;;;;;;;;
;;;;;;;;;;
;;;;;;;;;;
;;;;;;;;;;
;;;;;;;;;;
;;;;;;;;;;
;;;;;;;;;;
;;;;;;;;;;
;;;;;;;;;;
;;;;;;;;;;
;;;;;;;;;;
;;;;;;;;;;
;;;;;;;;;;
;;;;;;;;;;
;;;;;;;;;;
;;;;;;;;;;
;;;;;;;;;;
;;;;;;;;;;
;;;;;;;;;;
;;;;;;;;;;
;;;;;;;;;;
;;;;;;;;;;
;;;;;;;;;;
;;;;;;;;;;
;;;;;;;;;;
;;;;;;;;;;
;;;;;;;;;;
;;;;;;;;;;
;;;;;;;;;;
;;;;;;;;;;
;;;;;;;;;;
;;;;;;;;;;
;;;;;;;;;;
;;;;;;;;;;
;;;;;;;;;;
;;;;;;;;;;
;;;;;;;;;;
;;;;;;;;;;
;;;;;;;;;;
;;;;;;;;;;
;;;;;;;;;;
;;;;;;;;;;
;;;;;;;;;;
;;;;;;;;;;
;;;;;;;;;;
;;;;;;;;;;
;;;;;;;;;;
;;;;;;;;;;
;;;;;;;;;;
;;;;;;;;;;
;;;;;;;;;;
;;;;;;;;;;
;;;;;;;;;;
;;;;;;;;;;
;;;;;;;;;;
;;;;;;;;;;